station_no,station_name,lat,lon,catchment,river,ts_id,ts_path,coverage_from,coverage_to
115239,Rothienorman,57.40900118,-2.466784574,Ythan Group,,51608010,1/115239/RE/15m.Total,2001-03-10T05:30:00Z,2026-05-03T19:45:00Z
115327,Dalvina,58.36488646,-4.230503452,Naver group,,51728010,1/115327/RE/15m.Total,1990-09-04T00:00:00Z,2026-05-03T19:45:00Z
115329,Dingwall,57.59992025,-4.446997097,Conon Group,,51737010,1/115329/RE/15m.Total,1985-01-01T00:15:00Z,2026-05-03T19:45:00Z
115368,Loch Droma,57.73309629,-4.936434641,Laxford Group,,51823010,1/115368/RE/15m.Total,1989-11-01T09:15:00Z,2026-05-03T19:30:00Z
115501,Amod Farm,55.35009103,-5.717857841,Kintyre Group,,51940010,1/115501/RE/15m.Total,1994-11-01T00:15:00Z,2024-07-31T09:15:00Z
115600,Lagafater Lodge,55.04328363,-4.913741812,Cree,,52216010,1/115600/RE/15m.Total,1996-01-01T00:15:00Z,2026-05-03T19:30:00Z
115611,Low Creoch,54.90352684,-4.18922643,Cree,,52241010,1/115611/RE/15m.Total,2000-07-01T00:15:00Z,2026-04-30T18:45:00Z
115506,Ashgrove,55.66308049,-4.757486092,Irvine and Ayr,,51949010,1/115506/RE/15m.Total,2000-10-11T00:15:00Z,2026-05-03T19:30:00Z
115546,Dalbeattie STW,54.92152642,-3.821987578,Dee (Galloway),,52044010,1/115546/RE/15m.Total,1996-01-01T09:30:00Z,2026-05-03T19:30:00Z
115568,Gatelawbridge,55.25076797,-3.730683565,Nith,,52135010,1/115568/RE/15m.Total,1989-01-02T00:15:00Z,2026-05-03T19:45:00Z
115617,Merton Bank Lochmaben,55.13494009,-3.439865821,Annan,,52268010,1/115617/RE/15m.Total,1997-01-01T00:00:00Z,2026-05-03T19:45:00Z
115632,Picketlaw Reservoir,55.73611493,-4.281846657,Clyde,,52311010,1/115632/RE/15m.Total,1991-02-01T00:15:00Z,2026-05-03T18:15:00Z
115638,Quinloch Farm,56.0079586,-4.377500029,Leven (Durnbartonshire),,52336010,1/115638/RE/15m.Total,2015-07-08T11:00:00Z,2026-05-03T19:45:00Z
115250,Westhill,57.14756943,-2.291989375,Dee (Aberdeenshire),,51642010,1/115250/RE/15m.Total,1994-03-25T07:00:00Z,2026-05-03T19:45:00Z
115301,Affric Lodge,57.26272622,-5.005979754,Beauly,,51658010,1/115301/RE/15m.Total,1994-01-01T09:15:00Z,2026-05-01T10:15:00Z
115322,Corrimony,57.33501743,-4.699729622,Ness,,51719010,1/115322/RE/15m.Total,1993-10-01T00:00:00Z,2026-05-03T19:45:00Z
115343,Glen Nevis,56.79923208,-5.067543348,Loch Linnhe Group,,51764010,1/115343/RE/15m.Total,1993-07-20T00:00:00Z,2026-05-03T19:15:00Z
115363,Knockanrock,58.03118174,-5.07294078,Laxford Group,,51814010,1/115363/RE/15m.Total,1989-01-01T09:15:00Z,2026-05-03T19:45:00Z
115406,Urquhart,57.59399199,-4.374371661,Conon Group,,51915010,1/115406/RE/15m.Total,2010-12-21T14:15:00Z,2026-05-03T19:45:00Z
115500,Amlaird,55.66964373,-4.413260863,Irvine and Ayr,,51931010,1/115500/RE/15m.Total,1999-05-01T00:15:00Z,2026-05-03T19:45:00Z
115541,Craigdarroch,55.196659,-3.981943267,Nith,,52026010,1/115541/RE/15m.Total,1989-02-01T00:15:00Z,2026-02-11T12:45:00Z
115603,Lanark STW,55.67436394,-3.795938206,Clyde,,52232010,1/115603/RE/15m.Total,2003-04-01T00:15:00Z,2026-05-03T19:30:00Z
115622,Muirkirk STW,55.51335703,-4.096604222,Irvine and Ayr,,52293010,1/115622/RE/15m.Total,2000-05-27T00:15:00Z,2026-05-03T19:45:00Z
115627,Newtonairds,55.10134134,-3.742902191,Nith,,52302010,1/115627/RE/15m.Total,1988-11-01T00:15:00Z,2026-05-03T19:45:00Z
115648,Sorbie,54.79252816,-4.42628864,Cree,,52363010,1/115648/RE/15m.Total,1996-07-02T23:45:00Z,2026-05-03T19:45:00Z
116042,Castle Kennedy,54.90675279,-4.944931414,Cree,,52622010,1/116042/RE/15m.Total,2002-05-01T09:00:00Z,2026-04-23T12:45:00Z
115244,The Lecht,57.20200168,-3.249607166,Spey,,51624010,1/115244/RE/15m.Total,2011-01-01T00:00:00Z,2026-05-03T19:45:00Z
115302,Allanfearn,57.49914747,-4.151564133,Ness,,51667010,1/115302/RE/15m.Total,1995-07-02T00:00:00Z,2024-02-07T09:30:00Z
115315,Braeroy Lodge,56.98511362,-4.738585589,Lochy (Invernesshire),,51692010,1/115315/RE/15m.Total,1993-01-01T09:15:00Z,2026-04-02T16:30:00Z
115390,Rhian Bridge,58.11499626,-4.439159665,Shin Group,,51899010,1/115390/RE/15m.Total,1995-08-04T00:00:00Z,2026-05-03T19:30:00Z
115557,Drumjohn,55.24992466,-4.32205779,Dee (Galloway),,52074010,1/115557/RE/15m.Total,2002-02-27T16:15:00Z,2026-05-03T19:30:00Z
115560,East Kilbride,55.75477386,-4.171759227,Clyde,,52099010,1/115560/RE/15m.Total,1991-01-01T00:15:00Z,2026-05-03T19:45:00Z
133106,Lingerton,56.01244753,-5.422443562,Fyne Group,,53222010,1/133106/RE/15m.Total,2004-10-24T16:15:00Z,2026-05-03T19:45:00Z
11368,Strathkinness,56.33136897,-2.863918962,Firth of Tay Group,,51469010,1/11368/RE/15m.Total,2002-09-18T15:15:00Z,2026-05-03T19:45:00Z
115221,Esslemont House,57.36510966,-2.112363417,Ythan Group,,51533010,1/115221/RE/15m.Total,1991-03-12T21:00:00Z,2026-05-03T19:45:00Z
115356,Inverewe Garden,57.77399694,-5.596995718,Loch Maree group,,51805010,1/115356/RE/15m.Total,2000-12-01T09:15:00Z,2026-05-03T10:45:00Z
115526,Caldercruix STW,55.88933558,-3.904553259,Clyde,,52008010,1/115526/RE/15m.Total,1999-08-01T00:15:00Z,2026-05-03T19:45:00Z
115562,Eliock,55.34583036,-3.899113859,Nith,,52108010,1/115562/RE/15m.Total,1985-08-01T00:00:00Z,2026-05-03T19:45:00Z
115565,Fourmerkland,55.1650788,-3.412506453,Annan,,52126010,1/115565/RE/15m.Total,1997-01-02T06:30:00Z,2026-05-03T19:30:00Z
115585,Ingleston Farm,54.81170556,-4.166358356,Cree,,52162010,1/115585/RE/15m.Total,2002-12-29T09:15:00Z,2026-04-30T03:15:00Z
115647,Solwaybank,55.08629786,-3.086937218,Esk (Dumfriesshire),,52354010,1/115647/RE/15m.Total,1991-07-01T09:00:00Z,2026-05-03T19:30:00Z
115657,Upper Black Laggan,55.06299005,-4.387612866,Dee (Galloway),,52404010,1/115657/RE/15m.Total,1983-06-16T08:00:00Z,2026-04-02T10:15:00Z
115660,Waulkmill Glen,55.79484353,-4.353627607,Clyde,,52413010,1/115660/RE/15m.Total,1991-02-27T00:15:00Z,2026-05-03T19:45:00Z
115318,Coignafearn,57.23285188,-4.139289943,Findhorn Group,,51701010,1/115318/RE/15m.Total,1985-12-03T00:00:00Z,2026-05-01T10:00:00Z
115344,Glendessary,56.98039082,-5.346337447,Lochy (Invernesshire),,51773010,1/115344/RE/15m.Total,1989-01-01T09:15:00Z,2026-01-13T14:15:00Z
115523,Burnfoot (Hawknest),55.66513433,-3.895712474,Clyde,,51999010,1/115523/RE/15m.Total,2009-12-11T03:30:00Z,2026-05-03T19:45:00Z
115559,Dunlop,55.70737993,-4.528674906,Irvine and Ayr,,52090010,1/115559/RE/15m.Total,2017-05-24T11:45:00Z,2026-05-03T19:15:00Z
115596,Kinmount House,55.01095443,-3.351411196,Nith,,52189010,1/115596/RE/15m.Total,1989-12-01T09:00:00Z,2026-05-03T19:45:00Z
115202,Balmedie STW,57.25007263,-2.0473803,Ythan Group,,51478010,1/115202/RE/15m.Total,2000-12-04T11:45:00Z,2026-05-03T19:45:00Z
115203,Blackhills No 2,57.61017023,-3.222796593,Findhorn Group,,51487010,1/115203/RE/15m.Total,1998-10-27T14:15:00Z,2026-05-03T19:45:00Z
115217,Dipple,57.61125291,-3.115476523,Spey,,51517010,1/115217/RE/15m.Total,2007-07-25T07:15:00Z,2026-05-03T19:45:00Z
115223,Gairnshiel,57.09199509,-3.165582141,Dee (Aberdeenshire),,51542010,1/115223/RE/15m.Total,2002-04-01T14:45:00Z,2026-05-03T19:45:00Z
115227,Hatton No 2,57.42757524,-1.909678484,Ythan Group,,51567010,1/115227/RE/15m.Total,1998-07-04T05:15:00Z,2026-05-03T19:30:00Z
115340,Forsinain,58.41100711,-3.873563607,Naver group,,51755010,1/115340/RE/15m.Total,1985-01-01T09:15:00Z,2026-05-01T10:00:00Z
115584,Hydro Gardens Moffat,55.34214596,-3.452988353,Annan,,52153010,1/115584/RE/15m.Total,1988-10-02T00:15:00Z,2026-05-03T19:45:00Z
115598,Kirkcowan,54.91691338,-4.612059475,Cree,,52198010,1/115598/RE/15m.Total,1988-12-01T09:00:00Z,2026-05-03T19:45:00Z
115634,Portling,54.87093795,-3.744601282,Dee (Galloway),,52327010,1/115634/RE/15m.Total,1988-01-01T00:00:00Z,2026-05-03T19:45:00Z
115649,South Moorhouse,55.73251416,-4.350287842,Clyde,,52372010,1/115649/RE/15m.Total,1991-04-01T00:15:00Z,2026-05-03T19:45:00Z
115516,Blackdyke Farm,55.52935031,-4.326283061,Irvine and Ayr,,51972010,1/115516/RE/15m.Total,2002-11-19T00:15:00Z,2026-05-03T19:45:00Z
115534,Clachan-Seil,56.30375755,-5.601429727,Add Group,,52017010,1/115534/RE/15m.Total,1995-11-01T09:00:00Z,2026-05-03T19:30:00Z
115563,Ettrick Bay,55.85650223,-5.145834193,Firth of Clyde Group,,52117010,1/115563/RE/15m.Total,2001-06-11T13:15:00Z,2026-05-03T19:45:00Z
115612,Lower Black Laggan,55.07053305,-4.398510409,Dee (Galloway),,52250010,1/115612/RE/15m.Total,1981-04-28T16:00:00Z,2026-05-03T19:30:00Z
115616,Meadowfoot,55.40534471,-3.799886702,Nith,,52259010,1/115616/RE/15m.Total,1986-10-01T11:00:00Z,2026-05-03T19:45:00Z
115618,Millport,55.74955539,-4.907441406,Irvine and Ayr,,52277010,1/115618/RE/15m.Total,2001-06-18T09:00:00Z,2026-05-03T19:30:00Z
15100,Eskdalemuir Observatory,55.31151326,-3.206798775,Esk (Dumfriesshire),,56355010,1/15100/RE/15m.Total,2011-01-01T06:15:00Z,2026-05-03T19:15:00Z
15155,Saline,56.12224003,-3.585958925,Forth,,56499010,1/15155/RE/15m.Total,1990-03-01T10:00:00Z,2026-05-03T19:45:00Z
15158,Tillicoultry,56.148819,-3.7458095,Forth,,56508010,1/15158/RE/15m.Total,1990-01-01T09:15:00Z,2026-05-03T19:45:00Z
15187,Polmonthill STW,55.99776804,-3.680208641,Firth of Forth Group,,56576010,1/15187/RE/15m.Total,1990-01-01T00:15:00Z,2026-05-03T19:45:00Z
15201,Edinburgh RBG (Royal Botanic Garden),55.96662337,-3.212310737,Almond Group,,56621010,1/15201/RE/15m.Total,1990-01-01T09:15:00Z,2026-05-03T19:30:00Z
15200,Harperrig,55.83652095,-3.435270947,Almond Group,,56612010,1/15200/RE/15m.Total,1985-01-01T09:15:00Z,2026-05-03T19:00:00Z
15180,Dunnswood STW (Cumbernauld),55.97221885,-3.954505606,Firth of Forth Group,,56567010,1/15180/RE/15m.Total,1991-01-01T09:15:00Z,2026-05-03T17:45:00Z
15114,Gilston,55.80025456,-2.883463821,Tweed,,56396010,1/15114/RE/15m.Total,2007-04-13T11:00:00Z,2026-05-03T19:30:00Z
15132,Ayton Castle,55.84727645,-2.114611023,Tweed,,56465010,1/15132/RE/15m.Total,2003-02-02T16:30:00Z,2026-05-03T19:45:00Z
15149,Portmoak,56.19239436,-3.334726298,Firth of Forth Group,,56481010,1/15149/RE/15m.Total,1992-01-01T00:15:00Z,2021-11-10T19:15:00Z
205209,Mill Of Gavel,57.55561687,-2.009109628,Ythan Group,,56710010,1/205209/RE/15m.Total,2012-01-20T19:15:00Z,2026-05-03T19:45:00Z
205724,Dallachy No 2,57.66404417,-3.071018416,Spey,,56719010,1/205724/RE/15m.Total,2011-01-01T00:00:00Z,2026-05-03T19:45:00Z
15198,Annfield,56.06640057,-3.371633207,Firth of Forth Group,,56603010,1/15198/RE/15m.Total,1997-01-01T00:15:00Z,2026-05-03T19:45:00Z
15226,Haddington STW,55.96050923,-2.75022457,Tyne (Lothian),,56701010,1/15226/RE/15m.Total,1990-01-01T09:15:00Z,2026-05-03T19:00:00Z
15067,Wolfhill,56.48512657,-3.370467732,Tay,,56298010,1/15067/RE/15m.Total,1996-07-09T00:15:00Z,2020-02-12T03:15:00Z
15163,Auchentroig,56.11221933,-4.342412217,Forth,,56526010,1/15163/RE/15m.Total,1989-01-01T00:15:00Z,2026-05-03T19:45:00Z
15172,Strathyre,56.32054504,-4.328975608,Forth,,56558010,1/15172/RE/15m.Total,1990-03-31T00:15:00Z,2026-04-30T18:45:00Z
15190,Torduff,55.8968016,-3.267160193,Almond Group,,56585010,1/15190/RE/15m.Total,1999-12-20T00:15:00Z,2026-05-03T18:30:00Z
323188,Townfoot (Glencaple),54.99473579,-3.568993615,Nith,,58674010,1/323188/RE/15m.Total,1964-01-02T09:00:00Z,2026-05-01T18:15:00Z
320371,Birkie Hue,58.16554218,-6.740713858,Outer Hebrides,,58575010,1/320371/RE/15m.Total,2005-06-06T00:00:00Z,2026-05-03T19:45:00Z
327232,Daldowie STW,55.83262494,-4.122714806,Clyde,,58699010,1/327232/RE/15m.Total,2004-08-13T12:30:00Z,2026-05-03T19:30:00Z
302120,Dalwhinnie,56.94069555,-4.238639574,Spey,,58541010,1/302120/RE/15m.Total,2009-06-27T00:45:00Z,2026-05-03T19:45:00Z
115225,Glenmore Lodge No 2,57.16421784,-3.677609728,Spey,,51551010,1/115225/RE/15m.Total,2006-08-16T10:00:00Z,2026-05-03T19:30:00Z
15103,Baddinsgill Reservoir,55.7838821,-3.394584951,Tweed,,56373010,1/15103/RE/15m.Total,2014-08-01T00:00:00Z,2026-05-03T19:30:00Z
15224,Crichton,55.84509063,-2.988655721,Tyne (Lothian),,56692010,1/15224/RE/15m.Total,1994-01-01T00:15:00Z,2025-11-21T13:00:00Z
115376,Luib,57.5445048,-5.123945869,Conon Group,,51869010,1/115376/RE/15m.Total,1990-01-01T00:15:00Z,2026-05-03T19:30:00Z
115654,Tobermory,56.62026156,-6.080645248,Inner Hebrides,,52388010,1/115654/RE/15m.Total,2001-08-16T00:15:00Z,2026-05-03T19:30:00Z
15161,Braco (Dunduff),56.28192154,-3.904225732,Forth,,56517010,1/15161/RE/15m.Total,1990-01-01T09:15:00Z,2026-05-03T19:45:00Z
115247,Tulchan,57.39918687,-3.44381882,Spey,,51633010,1/115247/RE/15m.Total,2011-01-01T00:00:00Z,2026-05-03T19:45:00Z
115339,Flichity,57.33128618,-4.221750189,Findhorn Group,,51746010,1/115339/RE/15m.Total,1993-09-03T00:00:00Z,2026-05-03T19:30:00Z
115354,Inchvuilt,57.40830735,-4.957620811,Beauly,,51796010,1/115354/RE/15m.Total,1995-01-01T09:15:00Z,2026-05-01T10:15:00Z
15101,Victoria Lodge,55.4925265,-3.414675883,Tweed,,56364010,1/15101/RE/15m.Total,2003-03-06T03:45:00Z,2021-10-12T09:30:00Z
15196,Gogarbank,55.92834002,-3.342742573,Almond Group,,56594010,1/15196/RE/15m.Total,1999-12-01T00:15:00Z,2026-05-03T19:00:00Z
15215,Nunraw Abbey,55.92185875,-2.653499917,Tyne (Lothian),,56667010,1/15215/RE/15m.Total,1989-01-01T09:15:00Z,2026-05-03T18:45:00Z
115599,Kirriereoch,55.15077902,-4.571934377,Cree,,52207010,1/115599/RE/15m.Total,1988-12-01T09:00:00Z,2026-05-03T19:45:00Z
15083,Newton of Falkland,56.25431474,-3.186268594,Firth of Tay Group,,56332010,1/15083/RE/15m.Total,2000-06-08T11:15:00Z,2026-05-03T19:45:00Z
15166,High Corrie (Gartmore),56.1262023,-4.446294544,Forth,,56542010,1/15166/RE/15m.Total,2002-01-01T00:15:00Z,2026-05-03T18:45:00Z
115582,Hazelwood Cottage,56.26715284,-5.494662553,Add Group,,52144010,1/115582/RE/15m.Total,2013-11-12T12:30:00Z,2026-02-05T14:15:00Z
115645,Saughall,55.60098751,-4.226431521,Irvine and Ayr,,52345010,1/115645/RE/15m.Total,1994-10-01T00:15:00Z,2026-05-03T19:45:00Z
129558,Luss Raingauge,56.09892116,-4.638863963,Leven (Durnbartonshire),,52647010,1/129558/RE/15m.Total,2002-05-15T00:15:00Z,2026-05-03T19:45:00Z
15127,Hungry Snout 2 (Whiteadder Reservoir),55.86194126,-2.539680781,Tweed,,56442010,1/15127/RE/15m.Total,2006-11-02T12:00:00Z,2026-04-30T18:45:00Z
15216,Dunbar,56.00371307,-2.52752897,Tyne (Lothian),,56676010,1/15216/RE/15m.Total,1985-01-01T00:15:00Z,2026-05-03T19:45:00Z
115304,Allt Dearg House,57.28490502,-6.187008123,Inner Hebrides,,51676010,1/115304/RE/15m.Total,2001-12-01T09:15:00Z,2026-05-03T19:45:00Z
115518,Boreland,55.20254702,-3.320073284,Annan,,51981010,1/115518/RE/15m.Total,1993-10-01T12:30:00Z,2026-05-03T19:45:00Z
115544,Culzean Castle,55.35068095,-4.791520726,Doon Group,,52035010,1/115544/RE/15m.Total,2001-07-10T00:15:00Z,2026-05-03T19:45:00Z
115588,Inveruglas,56.2473573,-4.71287133,Leven (Durnbartonshire),,52171010,1/115588/RE/15m.Total,1997-07-01T00:15:00Z,2026-05-03T18:15:00Z
15078,Montrose,56.69908575,-2.491155025,Esk Group,,56316010,1/15078/RE/15m.Total,2003-09-25T14:30:00Z,2026-05-03T19:45:00Z
15116,Blythe,55.7374816,-2.662263534,Tweed,,56405010,1/15116/RE/15m.Total,1995-12-01T09:15:00Z,2026-05-03T19:45:00Z
15151,Fife Airport,56.1816502,-3.222449068,Firth of Forth Group,,56490010,1/15151/RE/15m.Total,1990-01-01T09:15:00Z,2026-05-03T19:45:00Z
15204,Gladhouse Reservoir,55.7784118,-3.117398754,Almond Group,,56630010,1/15204/RE/15m.Total,1989-01-01T00:15:00Z,2026-05-03T19:00:00Z
115230,Inverey,56.98569953,-3.500915775,Dee (Aberdeenshire),,51583010,1/115230/RE/15m.Total,1992-08-01T02:30:00Z,2026-05-03T19:45:00Z
115319,Coille Mhorgil,57.0643694,-5.134923813,Ness,,51710010,1/115319/RE/15m.Total,1994-01-01T09:15:00Z,2026-04-30T18:45:00Z
115589,Irvine Gailes,55.58754361,-4.663320263,Irvine and Ayr,,52180010,1/115589/RE/15m.Total,2000-08-30T00:15:00Z,2026-05-03T19:45:00Z
15070,Rossie Farm,56.29912602,-3.202717904,Firth of Tay Group,,56307010,1/15070/RE/15m.Total,1996-04-11T09:15:00Z,2026-05-03T19:45:00Z
306455,Canonbie Raingauge,55.07786221,-2.942088127,Esk (Dumfriesshire),,58566010,1/306455/RE/15m.Total,2005-01-21T15:00:00Z,2026-05-03T19:45:00Z
301400,Coulter Reservoir,55.53306378,-3.52983359,Clyde,,58532010,1/301400/RE/15m.Total,2004-07-01T00:15:00Z,2026-04-30T18:45:00Z
234326,Torwinny,57.52198313,-3.446843553,Findhorn Group,,58407010,1/234326/RE/15m.Total,1987-05-29T18:45:00Z,2026-05-03T19:45:00Z
300383,Strathkelvin House,55.94300475,-4.172710018,Clyde,,58514010,1/300383/RE/15m.Total,2004-02-01T09:00:00Z,2026-05-03T19:45:00Z
234314,Sluggan,57.27399763,-3.875997348,Spey,,58300010,1/234314/RE/15m.Total,1993-05-02T20:30:00Z,2026-05-03T19:45:00Z
301168,Garls Craig,55.36599829,-3.616030256,Clyde,,58523010,1/301168/RE/15m.Total,2004-06-09T00:15:00Z,2026-05-03T19:30:00Z
115235,Mongour,57.00199506,-2.388582046,Dee (Aberdeenshire),,51592010,1/115235/RE/15m.Total,1995-10-11T16:30:00Z,2026-05-03T18:00:00Z
115521,Brigton,55.03779638,-4.566314357,Cree,,51990010,1/115521/RE/15m.Total,1996-11-01T00:15:00Z,2026-05-03T19:45:00Z
133144,Braidlie,55.26142915,-2.824951121,Esk (Dumfriesshire),Hermitage Water,53738010,1/133144/RE/15m.Total,1992-01-01T00:15:00Z,2026-05-03T19:45:00Z
133124,Ross Priory,56.05257642,-4.55746111,Leven (Durnbartonshire),Loch Lomond,53448010,1/133124/RE/15m.Total,1994-02-01T00:15:00Z,2026-05-03T18:15:00Z
14964,Auchinner,56.31678388,-4.112254665,Earn,Allt Srath a Ghlinne,55570010,1/14964/RE/15m.Total,1991-09-13T06:30:00Z,2026-03-31T12:30:00Z
234150,Aberlour,57.48021805,-3.205975095,Spey,Spey,56745010,1/234150/RE/15m.Total,2011-01-01T00:00:00Z,2026-05-03T19:15:00Z
14948,Forter,56.76674681,-3.332205729,Tay,Isla (Tayside),55317010,1/14948/RE/15m.Total,2004-04-28T15:45:00Z,2026-05-01T10:15:00Z
322556,Avonbank,55.66347112,-4.051617294,Clyde,Avon Water,58649010,1/322556/RE/15m.Total,2005-06-12T08:45:00Z,2026-05-03T19:30:00Z
14952,Auchnafree,56.47302976,-3.904678161,Tay,Almond (Tayside),55399010,1/14952/RE/15m.Total,1994-01-18T13:30:00Z,2026-05-01T10:00:00Z
14960,Dalnamein,56.79925858,-4.053453634,Tay,Garry (Tayside),55529010,1/14960/RE/15m.Total,1991-11-08T14:00:00Z,2026-05-03T19:45:00Z
14949,Moar,56.57276553,-4.388958153,Tay,Lyon,55342010,1/14949/RE/15m.Total,1991-11-08T13:30:00Z,2026-05-01T10:00:00Z
234315,Spey Dam,57.01121062,-4.336367491,Spey,Spey,58309010,1/234315/RE/15m.Total,1995-01-28T13:30:00Z,2026-05-03T19:30:00Z
133115,Monyquil Farm,55.56419458,-5.271931931,Kintyre Group,Machrie Water,53343010,1/133115/RE/15m.Total,1999-03-01T00:15:00Z,2026-04-30T18:45:00Z
14881,Whitburn,55.87157334,-3.682936938,Almond Group,Almond (Lothian),54391010,1/14881/RE/15m.Total,1999-02-01T00:15:00Z,2026-05-03T19:00:00Z
133088,Glen Strae,56.42522107,-5.000795867,Awe and Etive,Strae,53002010,1/133088/RE/15m.Total,1996-08-01T09:15:00Z,2026-05-03T19:45:00Z
14926,Invermark,56.91121364,-2.914811966,Esk Group,Water of Mark,55043010,1/14926/RE/15m.Total,1994-10-29T14:00:00Z,2026-05-03T19:00:00Z
14974,Lyne Station,55.64733183,-3.25808918,Tweed,Lyne Water,55749010,1/14974/RE/15m.Total,2004-01-30T15:00:00Z,2026-05-03T19:45:00Z
234151,Allnabad,58.34717676,-4.644621014,Naver group,Strathmore,56770010,1/234151/RE/15m.Total,1992-01-01T09:15:00Z,2026-04-30T18:30:00Z
14921,Colliston,56.61000991,-2.637841019,Esk Group,Colliston Burn,54954010,1/14921/RE/15m.Total,1994-10-15T01:15:00Z,2026-05-03T19:00:00Z
14933,Killin,56.45816211,-4.331876561,Tay,Dochart,55148010,1/14933/RE/15m.Total,1992-04-23T09:00:00Z,2026-05-03T18:45:00Z
14955,Kindrogan,56.74926972,-3.544931301,Tay,Ardle,55456010,1/14955/RE/15m.Total,1991-11-11T14:30:00Z,2026-05-03T19:45:00Z
14975,Shiplaw,55.72796917,-3.207291434,Tweed,Eddleston Water,65579010,1/14975/RE/15m.Total,1990-09-01T09:15:00Z,2026-05-03T19:30:00Z
234202,Dosmucheran,57.59587318,-5.005770119,Conon Group,Bran,57297010,1/234202/RE/15m.Total,1992-09-01T00:00:00Z,2026-05-03T16:30:00Z
234207,Durkadale,59.10852817,-3.232172832,Orkneys,Durkadale Burn,57338010,1/234207/RE/15m.Total,1999-07-01T09:15:00Z,2026-05-03T19:45:00Z
234252,Killilan,57.31881832,-5.424835603,Loch Alsh Group,Ling,57725010,1/234252/RE/15m.Total,2003-12-01T09:15:00Z,2026-05-01T10:15:00Z
14902,Lathro,56.2213192,-3.42872292,Firth of Forth Group,North Queich,54668010,1/14902/RE/15m.Total,2000-01-01T00:15:00Z,2026-05-03T19:00:00Z
14892,Gargunnock,56.13266077,-4.070571402,Forth,Forth,54586010,1/14892/RE/15m.Total,2002-01-01T00:15:00Z,2026-05-03T19:45:00Z
14968,Kinkell Bridge,56.33018709,-3.726992915,Earn,Earn,55644010,1/14968/RE/15m.Total,1992-12-04T05:00:00Z,2026-05-03T19:45:00Z
234231,Halkirk,58.5154974,-3.493004244,Thurso Group,Thurso,57523010,1/234231/RE/15m.Total,1997-02-01T09:15:00Z,2026-05-03T05:45:00Z
133158,Green Burn,55.0828864,-4.381888551,Dee (Galloway),Green Burn,53939010,1/133158/RE/15m.Total,1994-08-03T01:15:00Z,2026-04-02T09:30:00Z
133077,Dippen,55.58274848,-5.496523588,Kintyre Group,Carradale Water,52865010,1/133077/RE/15m.Total,1996-01-01T00:15:00Z,2026-05-01T11:00:00Z
234161,Avochie,57.50564634,-2.782377895,Deveron Group,Deveron,56875010,1/234161/RE/15m.Total,1999-08-14T05:15:00Z,2026-05-03T19:15:00Z
14904,Duchray,56.15649685,-4.468109175,Forth,Loch Ard Burn,54709010,1/14904/RE/15m.Total,1990-01-01T09:15:00Z,2026-04-30T18:45:00Z
234183,Charr,56.94084906,-2.619402267,Dee (Aberdeenshire),Water of Dye,57063010,1/234183/RE/15m.Total,1990-06-18T03:30:00Z,2026-05-01T10:00:00Z
14999,Teviothead,55.34222734,-2.936481216,Tweed,Teviot,65561010,1/14999/RE/15m.Total,1990-08-01T09:15:00Z,2026-05-03T17:15:00Z
14891,Glenochil,56.14364525,-3.839304837,Forth,Devon,54561010,1/14891/RE/15m.Total,2002-01-01T00:15:00Z,2022-02-13T20:00:00Z
14890,Kinbuck,56.2255551,-3.949530685,Forth,Allan Water,65341010,1/14890/RE/15m.Total,2010-07-30T12:45:00Z,2026-05-03T19:00:00Z
234264,Little Assynt,58.17438109,-5.152302768,Laxford Group,Inver,57839010,1/234264/RE/15m.Total,1992-01-01T09:15:00Z,2026-05-03T19:30:00Z
234190,Creed Bridge,58.20454028,-6.424227928,Outer Hebrides,Creed,57190010,1/234190/RE/15m.Total,1998-02-25T00:00:00Z,2026-05-03T19:30:00Z
14865,Luffness,56.02022484,-2.821888561,Tyne (Lothian),Peffer Burn (West),54220010,1/14865/RE/15m.Total,2003-01-01T00:15:00Z,2026-05-03T19:45:00Z
234327,Tromie Bridge,57.0717185,-3.998638147,Spey,Tromie,58416010,1/234327/RE/15m.Total,1996-09-26T13:45:00Z,2026-05-03T19:45:00Z
15004,Chesters,55.37862961,-2.589607681,Tweed,Jed Water,65570010,1/15004/RE/15m.Total,1990-08-01T09:15:00Z,2026-05-03T15:00:00Z
15018,Abbey St Bathans,55.85329633,-2.387448356,Tweed,Whiteadder Water,65452010,1/15018/RE/15m.Total,1990-09-01T09:15:00Z,2026-05-03T19:45:00Z
234198,Delnashaugh,57.39970792,-3.357845061,Spey,Avon (Spey),57256010,1/234198/RE/15m.Total,1995-07-21T16:45:00Z,2026-05-03T19:45:00Z
14987,Brockhoperig,55.4061286,-3.211513384,Tweed,Ettrick Water,55911010,1/14987/RE/15m.Total,1990-07-01T09:15:00Z,2026-05-03T19:30:00Z
15007,Ormiston Mill,55.54491924,-2.473314492,Tweed,Teviot,56089010,1/15007/RE/15m.Total,2004-07-15T14:15:00Z,2026-05-03T19:45:00Z
234170,Alford,57.24230294,-2.717123004,Don (Aberdeenshire),Don,56948010,1/234170/RE/15m.Total,1995-08-19T01:15:00Z,2026-05-03T19:00:00Z
234253,Kilphedir,58.14138911,-3.702814019,Helmsdale Group,Helmsdale,57750010,1/234253/RE/15m.Total,2000-08-01T09:15:00Z,2026-05-03T19:45:00Z
234289,New Kelso,57.42953514,-5.429999168,Loch Alsh Group,Carron (Wester Ross),58008010,1/234289/RE/15m.Total,1992-01-01T09:15:00Z,2026-05-03T19:30:00Z
14984,Gordon Arms,55.51137227,-3.096406906,Tweed,Yarrow Water,55854010,1/14984/RE/15m.Total,1995-12-01T09:15:00Z,2026-05-03T19:30:00Z
15006,Jedburgh,55.48529122,-2.54668704,Tweed,Jed Water,56064010,1/15006/RE/15m.Total,2002-01-01T00:15:00Z,2024-02-02T15:15:00Z
116008,Weisdale Mill,60.2593269,-1.288604022,Shetlands,Weisdale Burn,52479010,1/116008/RE/15m.Total,2002-04-19T06:45:00Z,2026-05-03T19:45:00Z
15022,Mouthbridge,55.77012815,-2.279193263,Tweed,Blackadder Water,56194010,1/15022/RE/15m.Total,1995-11-01T09:15:00Z,2026-05-03T19:30:00Z
14897,Bannockburn,56.09528478,-3.911816854,Forth,Bannock Burn,54643010,1/14897/RE/15m.Total,1998-01-01T09:15:00Z,2026-05-03T19:45:00Z
234295,Polloch,56.75844885,-5.613663683,Loch Sheil Group,Allt Coire nan Con,58122010,1/234295/RE/15m.Total,1995-10-12T19:00:00Z,2026-05-03T19:45:00Z
234319,Strathy Bridge,58.55872143,-4.002604762,Naver group,Strathy,58350010,1/234319/RE/15m.Total,1999-11-01T09:15:00Z,2026-05-03T19:45:00Z
234305,Sgodachail,57.89327664,-4.546976399,Shin Group,Carron (Sutherland),58211010,1/234305/RE/15m.Total,2009-09-23T16:45:00Z,2026-05-03T19:30:00Z
116007,Upper Monachyle,56.39271229,-4.463706898,Forth,Monachyle,52454010,1/116007/RE/15m.Total,2004-12-08T13:45:00Z,2026-04-30T18:45:00Z
234176,Cabrach,57.34816,-3.034565786,Deveron Group,Allt Deveron,57022010,1/234176/RE/15m.Total,1997-10-09T22:45:00Z,2026-05-03T19:15:00Z
14972,Kingledores,55.54240926,-3.413947163,Tweed,Tweed,66620010,1/14972/RE/15m.Total,1993-08-01T09:15:00Z,2026-05-03T19:30:00Z
234331,Wardend Bridge,57.58239454,-3.608335401,Findhorn Group,Mosset Burn,58457010,1/234331/RE/15m.Total,1999-09-23T13:15:00Z,2026-05-03T19:45:00Z
14916,Gella Bridge,56.77535832,-3.027929218,Esk Group,South Esk (Angus),54881010,1/14916/RE/15m.Total,1991-11-20T12:30:00Z,2026-05-01T10:00:00Z
234192,Cullen,57.68712295,-2.83323079,Deveron Group,Burn of Deskford,57231010,1/234192/RE/15m.Total,2003-07-02T00:45:00Z,2026-05-03T19:45:00Z
234294,Polhollick,57.05514629,-3.083180673,Dee (Aberdeenshire),Dee (Grampian),58097010,1/234294/RE/15m.Total,1995-04-22T19:00:00Z,2026-05-03T18:00:00Z
335620,St Monance,56.2047855,-2.78271364,Firth of Forth Group,,58841010,1/335620/RE/15m.Total,2006-01-02T22:30:00Z,2026-05-03T19:45:00Z
365257,Dunstaffnage,56.45050242,-5.439870612,Add Group,,59526010,1/365257/RE/15m.Total,2008-04-10T08:15:00Z,2026-05-03T19:45:00Z
374852,Baluniefield,56.48264025,-2.905576117,Firth of Tay Group,,59859010,1/374852/RE/15m.Total,2008-10-06T17:30:00Z,2026-05-03T19:30:00Z
485490,Rest and be Thankful,56.22216848,-4.859016846,Firth of Clyde Group,,60166010,1/485490/RE/15m.Total,2012-04-29T12:30:00Z,2026-05-03T19:45:00Z
335574,Cheyne,56.97482596,-2.266470239,Esk Group,,58778010,1/335574/RE/15m.Total,2005-04-09T06:15:00Z,2026-05-03T19:00:00Z
336217,Rhiconich,58.42139172,-4.991227379,Laxford Group,,58964010,1/336217/RE/15m.Total,2002-08-01T09:15:00Z,2026-05-03T19:45:00Z
367360,Keith,57.55084994,-2.952079018,Deveron Group,,59535010,1/367360/RE/15m.Total,2008-09-24T14:45:00Z,2026-05-03T19:45:00Z
509196,Dunnottar Radio Station,56.94652496,-2.21202446,Esk Group,,60636010,1/509196/RE/15m.Total,2014-09-29T13:15:00Z,2026-05-03T19:45:00Z
515885,Kirkwall,58.98622363,-2.949352863,Orkneys,,60758010,1/515885/RE/15m.Total,2015-04-24T10:00:00Z,2026-05-03T01:45:00Z
361048,Kirriemuir STW,56.65983513,-2.999773468,Tay,,59482010,1/361048/RE/15m.Total,2011-01-01T00:00:00Z,2026-05-03T19:45:00Z
367371,Glenmuick No2,56.95161175,-3.141253355,Dee (Aberdeenshire),,59562010,1/367371/RE/15m.Total,2008-09-17T10:30:00Z,2026-04-30T18:45:00Z
491811,Auchdergannach,57.22063972,-3.651932222,Spey,,60262010,1/491811/RE/15m.Total,2012-10-02T08:45:00Z,2026-05-03T19:45:00Z
511327,Tarland WWTP,57.12504883,-2.851450464,Dee (Aberdeenshire),,60670010,1/511327/RE/15m.Total,2015-02-13T09:15:00Z,2026-05-03T19:45:00Z
536844,Stewarton,55.72543649,-4.445306033,Irvine and Ayr,,61121010,1/536844/RE/15m.Total,2017-05-27T13:00:00Z,2026-05-03T19:15:00Z
327234,Dalmarnock STW,55.8374507,-4.216965486,Clyde,,58708010,1/327234/RE/15m.Total,2004-09-16T00:15:00Z,2026-05-03T19:45:00Z
327292,Greenock,55.94370132,-4.723991358,Firth of Clyde Group,,58744010,1/327292/RE/15m.Total,2005-01-27T14:15:00Z,2022-11-24T11:15:00Z
335745,Glen Ample,56.35457736,-4.269993694,Earn,,58918010,1/335745/RE/15m.Total,2014-10-26T02:30:00Z,2026-05-03T19:30:00Z
336372,Forehill,57.50635026,-1.843281987,Ythan Group,,59021010,1/336372/RE/15m.Total,2004-04-01T17:30:00Z,2026-05-03T19:45:00Z
341224,Nairn Dunbar Golf Course,57.59406094,-3.842759406,Findhorn Group,,59124010,1/341224/RE/15m.Total,2006-10-02T00:00:00Z,2026-05-03T19:45:00Z
367364,Old Mill of Newton,57.35801578,-2.577016947,Ythan Group,,59544010,1/367364/RE/15m.Total,2008-08-19T10:00:00Z,2026-05-03T19:45:00Z
517412,Balfron STW,56.06523441,-4.333343318,Leven (Durnbartonshire),,60783010,1/517412/RE/15m.Total,2015-06-04T12:30:00Z,2026-05-03T19:45:00Z
536846,Glengavel Reservoir,55.59038124,-4.121595498,Irvine and Ayr,,61130010,1/536846/RE/15m.Total,2017-06-01T13:15:00Z,2026-05-03T19:15:00Z
552790,Frenich Farm,56.22694162,-4.56047225,Forth,,61205010,1/552790/RE/15m.Total,2018-03-13T14:30:00Z,2026-05-03T18:00:00Z
336367,Inshes,57.45203372,-4.184715941,Ness,,59003010,1/336367/RE/15m.Total,2001-05-09T00:00:00Z,2026-05-03T19:45:00Z
341338,Deanston RG,56.19223931,-4.077181451,Forth,,59133010,1/341338/RE/15m.Total,2005-01-31T11:00:00Z,2026-05-03T19:30:00Z
368013,RhynieGS,57.3317252,-2.828953912,Deveron Group,,59571010,1/368013/RE/15m.Total,2009-03-27T15:15:00Z,2026-05-03T19:45:00Z
492363,Einig Wood,57.94421601,-4.764511928,Shin Group,,60271010,1/492363/RE/15m.Total,2013-06-12T01:15:00Z,2026-05-03T19:45:00Z
518147,Badbea,57.86243941,-5.318746664,Laxford Group,,60815010,1/518147/RE/15m.Total,2015-06-13T09:00:00Z,2026-05-03T19:45:00Z
327238,Glenmavis,55.89359141,-4.013210328,Clyde,,58735010,1/327238/RE/15m.Total,2004-12-17T14:45:00Z,2026-05-03T19:30:00Z
335621,North Berwick (Kingston),56.03149667,-2.734270572,Tyne (Lothian),,58850010,1/335621/RE/15m.Total,2004-01-01T00:15:00Z,2026-05-03T19:30:00Z
412495,Lecht Weather Station,57.19821668,-3.25888009,Spey,,59925010,1/412495/RE/15m.Total,2009-09-17T11:00:00Z,2022-03-03T13:30:00Z
485489,Loch Restil,56.23604254,-4.853369348,Firth of Clyde Group,,60157010,1/485489/RE/15m.Total,2012-04-29T15:00:00Z,2026-05-03T19:45:00Z
501947,Baintown Rain-gauge,56.22101614,-3.042679056,Firth of Tay Group,,60443010,1/501947/RE/15m.Total,2014-01-01T15:30:00Z,2026-05-03T19:30:00Z
327235,Beltmoss,55.98678855,-4.056528766,Clyde,,58717010,1/327235/RE/15m.Total,2004-10-15T00:15:00Z,2026-05-03T19:45:00Z
338381,Letham Grange,56.60403394,-2.609495534,Esk Group,,59106010,1/338381/RE/15m.Total,2006-03-30T16:15:00Z,2026-05-03T19:45:00Z
361047,Strowan,56.36918493,-3.92115763,Earn,,59473010,1/361047/RE/15m.Total,2007-11-17T13:15:00Z,2026-05-03T19:45:00Z
464495,Garrogie Lodge,57.17006125,-4.442843871,Ness,,59989010,1/464495/RE/15m.Total,2007-10-26T10:30:00Z,2026-05-01T10:15:00Z
474984,Gifford Rain Gauge,55.89043578,-2.768969478,Tyne (Lothian),,60132010,1/474984/RE/15m.Total,2011-08-05T13:15:00Z,2026-05-03T18:00:00Z
541725,Jedburgh Castle,55.47029248,-2.557045815,Tweed,,61164010,1/541725/RE/15m.Total,2017-08-25T09:00:00Z,2026-05-03T19:45:00Z
327237,Lukeston,55.98447497,-4.240765022,Clyde,,58726010,1/327237/RE/15m.Total,2004-09-15T00:15:00Z,2026-05-03T18:15:00Z
336434,Corsock,55.05876816,-3.945715778,Dee (Galloway),,59030010,1/336434/RE/15m.Total,2015-12-17T12:15:00Z,2026-05-03T19:45:00Z
338429,Minnigaff,54.9588823,-4.471659058,Cree,,59115010,1/338429/RE/15m.Total,2006-09-27T10:45:00Z,2026-05-03T19:30:00Z
473550,Kinghorn Ecology Centre Rain Gauge,56.07462319,-3.193432968,Firth of Forth Group,,60091010,1/473550/RE/15m.Total,2014-07-11T13:30:00Z,2026-05-03T19:00:00Z
494729,Milton of Evelix TBR,57.89128749,-4.084164503,Shin Group,,60375010,1/494729/RE/15m.Total,2013-04-24T03:00:00Z,2026-05-03T19:45:00Z
513003,Craigenlee Croft Raingauge,54.86294592,-5.075279664,Cree,,60749010,1/513003/RE/15m.Total,2014-09-16T14:00:00Z,2026-05-03T19:45:00Z
523676,Cairngorm Raingauge and Snow Scale,57.127702,-3.662955858,Spey,,60877010,1/523676/RE/15m.Total,2016-07-21T14:30:00Z,2026-05-03T19:30:00Z
525510,Comiston Rain Gauge,55.91019401,-3.21598827,Almond Group,,60921010,1/525510/RE/15m.Total,2016-03-10T09:00:00Z,2026-05-03T19:45:00Z
538510,Dalblair,55.44485443,-4.151929697,Irvine and Ayr,,61139010,1/538510/RE/15m.Total,2017-06-13T13:30:00Z,2026-05-03T19:45:00Z
568155,Earlsburn reservoir RG,56.07055238,-4.07597911,Firth of Forth Group,,61409010,1/568155/RE/15m.Total,2019-06-03T12:45:00Z,2026-05-03T19:45:00Z
574971,Seilich Dam,56.96866496,-4.035393912,Spey,,61418010,1/574971/RE/15m.Total,2019-07-25T15:30:00Z,2026-05-01T10:15:00Z
577951,Carmyllie-Hume Farm,56.57464969,-2.741331877,Esk Group,,61436010,1/577951/RE/15m.Total,2020-06-24T00:00:00Z,2026-05-03T19:45:00Z
623290,Capenoch Raingauge No2,55.2292665,-3.81988315,Nith,,71522010,1/623290/RE/15m.Total,2025-01-01T00:00:00Z,2026-05-03T19:45:00Z
15208,Dunglass,55.94267446,-2.38288136,Tyne (Lothian),,66545010,1/15208/RE/15m.Total,2004-01-01T00:15:00Z,2018-01-30T09:15:00Z
1063066,Craigdarroch No2,55.19548604,-3.9783498,Nith,,71618010,1/1063066/RE/15m.Total,2025-01-01T00:00:00Z,2026-05-03T19:45:00Z
101227,Bow Burn Raingauge,55.44068058,-4.49863386,Irvine and Ayr,,66554010,1/101227/RE/15m.Total,2014-01-30T14:15:00Z,2026-05-03T19:45:00Z
335612,Bush,55.86190844,-3.206554074,Almond Group,,58814010,1/335612/RE/15m.Total,2011-01-01T00:00:00Z,2026-05-03T19:00:00Z
335640,Hatton (Perth),56.52513594,-2.648539891,Firth of Tay Group,,58859010,1/335640/RE/15m.Total,2003-08-22T13:15:00Z,2026-05-03T19:45:00Z
490986,Muirshiel RG,55.84918458,-4.742664896,Clyde,,60253010,1/490986/RE/15m.Total,2012-11-27T12:15:00Z,2026-05-03T19:15:00Z
530175,Dundreggan Rain Gauge,57.19161541,-4.767634199,Ness,,60930010,1/530175/RE/15m.Total,2016-07-21T15:15:00Z,2026-05-03T19:45:00Z
576753,Capenoch Raingauge,55.22666817,-3.816934219,Nith,,61427010,1/576753/RE/15m.Total,1990-01-01T09:00:00Z,2026-02-09T16:45:00Z
464636,Glenquey,56.20739317,-3.642080305,Forth,,60007010,1/464636/RE/15m.Total,2009-10-19T13:45:00Z,2026-05-03T19:45:00Z
464646,Drum,56.18484641,-3.532323684,Firth of Forth Group,,60016010,1/464646/RE/15m.Total,2010-06-30T09:15:00Z,2026-05-03T19:30:00Z
473167,Lossiemouth,57.71918475,-3.323337879,Spey,,60082010,1/473167/RE/15m.Total,2011-04-02T05:15:00Z,2026-05-03T19:45:00Z
506152,Unthank Raingauge,55.24281443,-2.964073002,Esk (Dumfriesshire),,60553010,1/506152/RE/15m.Total,2014-09-11T08:15:00Z,2026-05-03T19:30:00Z
38326176,Crichton Mains,55.845089,-2.9865955,Tyne (Lothian),,71291010,1/38326176/RE/15m.Total,2025-11-21T13:00:00Z,2026-05-03T19:15:00Z
335575,Quarry Head,57.63465034,-2.025944065,Ythan Group,,58787010,1/335575/RE/15m.Total,2005-08-25T18:15:00Z,2026-05-03T19:45:00Z
377134,Drummore of Cantray,57.48325079,-4.006176025,Findhorn Group,,59868010,1/377134/RE/15m.Total,2011-01-01T00:00:00Z,2026-05-03T19:45:00Z
335609,Broadside,56.02806207,-3.978158502,Firth of Forth Group,,58805010,1/335609/RE/15m.Total,2011-01-01T00:00:00Z,2026-05-03T19:00:00Z
335614,Harelaw,55.91651494,-3.086776845,Almond Group,,58823010,1/335614/RE/15m.Total,2001-01-01T00:15:00Z,2026-05-03T19:00:00Z
335651,Mylnefield,56.46017678,-3.075838089,Firth of Tay Group,,58909010,1/335651/RE/15m.Total,1997-01-14T09:15:00Z,2026-05-03T19:30:00Z
336847,Lochindorb North,57.41478835,-3.691385645,Findhorn Group,,59074010,1/336847/RE/15m.Total,2006-08-29T00:00:00Z,2026-05-03T19:30:00Z
341345,Perth Norwich Union,56.38611935,-3.464092253,Tay,,59184010,1/341345/RE/15m.Total,2003-09-10T14:15:00Z,2026-05-03T19:45:00Z
368536,Biggar Burn,55.65035093,-3.543765278,Tweed,,59727010,1/368536/RE/15m.Total,2008-05-09T20:30:00Z,2026-05-03T19:30:00Z
469625,Hunterston Terminal,55.74447583,-4.86116797,Irvine and Ayr,,60025010,1/469625/RE/15m.Total,2010-11-26T13:00:00Z,2026-05-03T19:30:00Z
490984,Camphill WTW Raingauge,55.75032761,-4.74461262,Clyde,,60235010,1/490984/RE/15m.Total,2012-11-14T14:15:00Z,2026-05-03T19:30:00Z
335797,Nigg Headworks,57.13140193,-2.061103972,Esk Group,,58927010,1/335797/RE/15m.Total,2004-08-24T01:30:00Z,2026-05-03T19:45:00Z
336370,Cluanie Inn,57.15628843,-5.181590945,Ness,,59012010,1/336370/RE/15m.Total,2005-01-01T09:15:00Z,2026-05-03T19:30:00Z
347562,Scardroy No3,57.51892459,-4.985935657,Shin Group,,59243010,1/347562/RE/15m.Total,2007-03-08T18:00:00Z,2026-04-30T18:45:00Z
494255,Shotts WWTW,55.81395203,-3.811987501,Clyde,,60315010,1/494255/RE/15m.Total,2013-03-07T15:00:00Z,2026-05-03T19:45:00Z
335582,Deskry Shiel,57.18037959,-2.983867766,Don (Aberdeenshire),,58796010,1/335582/RE/15m.Total,2008-10-23T09:45:00Z,2026-05-02T09:45:00Z
335617,Kirkcaldy,56.11765342,-3.147961765,Firth of Forth Group,,58832010,1/335617/RE/15m.Total,2006-03-22T00:15:00Z,2026-05-03T19:45:00Z
344764,Prestwick,55.50523784,-4.610940702,Irvine and Ayr,,59218010,1/344764/RE/15m.Total,1999-10-20T12:00:00Z,2026-05-02T22:30:00Z
498341,Culloden Battlefield,57.47676464,-4.09126842,Ness,,60384010,1/498341/RE/15m.Total,2013-07-19T11:00:00Z,2026-05-03T19:45:00Z
367365,Inverurie,57.2583172,-2.362253256,Don (Aberdeenshire),,59553010,1/367365/RE/15m.Total,2009-01-12T16:30:00Z,2026-05-03T09:45:00Z
454765,Derry Lodge,57.02065155,-3.58738853,Dee (Aberdeenshire),,59934010,1/454765/RE/15m.Total,2009-12-10T15:45:00Z,2026-05-03T19:45:00Z
499809,Battledykes - Wardmill Farm,56.67359266,-2.895547661,Esk Group,,60409010,1/499809/RE/15m.Total,2013-10-24T00:00:00Z,2026-05-03T19:45:00Z
504458,Kirkcudbright Raingauge,54.84543419,-4.038511682,Dee (Galloway),,60512010,1/504458/RE/15m.Total,2014-01-28T15:30:00Z,2026-05-03T19:45:00Z
335375,Penwhapple Reservoir,55.23585144,-4.747897404,Doon Group,,58769010,1/335375/RE/15m.Total,2005-11-17T14:15:00Z,2026-05-03T19:45:00Z
341380,Killermont Raingauge,55.91108458,-4.305014408,Clyde,,59193010,1/341380/RE/15m.Total,1999-05-01T00:15:00Z,2026-05-03T19:45:00Z
464630,Slamannan,55.94205217,-3.832217321,Firth of Forth Group,,59998010,1/464630/RE/15m.Total,2010-01-13T10:45:00Z,2026-05-03T19:45:00Z
490985,Balgray RG,55.73428872,-4.5878755,Clyde,,60244010,1/490985/RE/15m.Total,2012-11-14T11:45:00Z,2026-05-03T19:15:00Z
502874,White Clauchrie,55.1412921,-4.677220867,Cree,,60452010,1/502874/RE/15m.Total,2014-03-21T15:00:00Z,2026-05-03T19:45:00Z
564863,Tomatin No2,57.33816398,-4.013360208,Findhorn Group,,61368010,1/564863/RE/15m.Total,2019-01-14T12:45:00Z,2026-05-03T19:30:00Z
338380,Cambo Sands,56.3008799,-2.650067453,Firth of Tay Group,,59097010,1/338380/RE/15m.Total,2006-09-20T05:30:00Z,2026-05-03T19:45:00Z
975367,"Coupar Angus, Gilleroo",56.54878475,-3.27069639,---,,70349010,1/975367/RE/15m.Total,,
552791,Comer Farm,56.20150723,-4.60131038,Forth,,66536010,1/552791/RE/15m.Total,2018-03-15T00:00:00Z,2026-04-30T18:30:00Z
335578,Blacklaw,57.58092196,-2.60024157,Deveron Group,,65461010,1/335578/RE/15m.Total,2006-01-02T00:30:00Z,2026-03-23T15:15:00Z
499810,Cleuchhead,56.94774412,-2.388756894,Esk Group,Carron,60418010,1/499810/RE/15m.Total,2013-10-24T14:15:00Z,2026-05-03T18:00:00Z
509677,Lochwinnoch,55.78853152,-4.618943233,Clyde,Black Cart Water,60645010,1/509677/RE/15m.Total,2014-10-21T15:00:00Z,2026-05-03T19:45:00Z
14898,Loch Venachar,56.23425763,-4.25686637,Forth,Eas Gobhain,66511010,1/14898/RE/15m.Total,2006-01-01T13:00:00Z,2026-05-03T19:00:00Z
354622,Loch Tormasad,57.56195723,-7.316740973,Outer Hebrides,Tormasad,59302010,1/354622/RE/15m.Total,2009-05-07T19:30:00Z,2026-05-03T19:45:00Z
369551,Stonyford,56.84214794,-2.811870347,Esk Group,,59768010,1/369551/RE/15m.Total,2009-08-19T12:30:00Z,2026-05-01T10:15:00Z
354621,Langwell Lodge,57.9748238,-5.100589967,Laxford Group,Canaird,59277010,1/354621/RE/15m.Total,2009-11-18T17:15:00Z,2026-05-03T19:45:00Z
372859,Murray Burn,55.91287677,-3.317681386,Tyne (Lothian),Murray Burn,59818010,1/372859/RE/15m.Total,2016-01-27T15:00:00Z,2026-05-03T19:45:00Z
368486,Ladyflat Farm,55.75636712,-2.369501202,Tweed,Back Burn (Borders),59596010,1/368486/RE/15m.Total,2008-04-17T14:15:00Z,2026-05-03T19:45:00Z
354623,Mill Croft,57.2886568,-7.368331541,Outer Hebrides,Abhainn Roag,59327010,1/354623/RE/15m.Total,2009-03-12T12:15:00Z,2026-05-03T19:45:00Z
354613,Loch Ailsh Level,58.04827715,-4.855312073,Shin Group,Oykel,59252010,1/354613/RE/15m.Total,2009-07-07T00:00:00Z,2026-05-03T19:45:00Z
335650,Murton,56.65077608,-2.823539396,Esk Group,Lunan Water,58884010,1/335650/RE/15m.Total,2007-05-06T00:30:00Z,2026-05-03T19:45:00Z
369554,Waterside Perth,56.89929851,-2.820760629,Esk Group,North Esk (Tayside),59777010,1/369554/RE/15m.Total,2009-09-20T23:30:00Z,2026-04-30T18:45:00Z
486057,Pluscarden Abbey,57.59946107,-3.433170424,Findhorn Group,Black Burn,60175010,1/486057/RE/15m.Total,2013-05-28T16:00:00Z,2026-05-03T19:45:00Z
533744,Boleside,55.59164323,-2.798878774,Tweed,Tweed,60987010,1/533744/RE/15m.Total,2004-02-06T14:00:00Z,2026-05-03T19:30:00Z
356217,Laxdale,57.86865846,-6.893581696,Outer Hebrides,Laxdale,59384010,1/356217/RE/15m.Total,2011-01-01T00:00:00Z,2026-05-03T19:30:00Z
14910,Loch Katrine,56.22701614,-4.43624573,Forth,Achray Water,66402010,1/14910/RE/15m.Total,1993-01-01T00:15:00Z,2026-05-03T19:30:00Z
368490,Glenbreck,55.48202196,-3.477754728,Tweed,Tweed,59622010,1/368490/RE/15m.Total,2008-05-17T06:00:00Z,2026-05-03T19:45:00Z
